lead_name,brand_or_channel,segment,sub_segment,niche,platform,lead_source,sourcing_method,contact_method,contact_info,fit_reason,current_music_quality,best_offer,budget_band,strategy_lane,message_angle,offer_angle,cta_used,asset_or_file_used,proof_used,llm_used,model_variant,tool_stack,workflow_path,first_contact_date,first_contact_timestamp,last_touch_timestamp,response_time_minutes,follow_up_1,follow_up_2,follow_up_3,status,response_notes,objection_pattern,buyer_tendency,trend_signal,strength_signal,weakness_signal,next_action,owner
,,,,,,,,,,,,,,,,,,
,,,,,,,,,,,,,,,,,,
,,,,,,,,,,,,,,,,,,
,,,,,,,,,,,,,,,,,,
,,,,,,,,,,,,,,,,,,
,,,,,,,,,,,,,,,,,,
,,,,,,,,,,,,,,,,,,
,,,,,,,,,,,,,,,,,,
,,,,,,,,,,,,,,,,,,
,,,,,,,,,,,,,,,,,,
