date,entry_timestamp,start_time,end_time,timezone,week,month,segment,sub_segment,platform,lead_source,sourcing_method,strategy_lane,message_angle,offer_angle,cta_used,asset_or_file_used,proof_used,llm_used,model_variant,tool_stack,workflow_path,new_leads,follow_ups_sent,replies,warm_leads,calls_booked,quotes_sent,projects_won,projects_lost,revenue_booked,revenue_collected,avg_quote_value,referral_leads,referral_partners_active,content_pieces_delivered,response_time_minutes,quote_turnaround_hours,close_time_days,objection_pattern,trend_signal,market_pattern,competitor_pattern,buyer_tendency,strength_signal,weakness_signal,what_worked,what_did_not_work,biggest_bottleneck,lesson_learned,hypothesis_to_test,strategy_change_decision,avery_improvement,system_improvement,pipeline_stage_notes,next_action
,,,,,,,,,,,,,,,,,,,,,,,,,,
,,,,,,,,,,,,,,,,,,,,,,,,,,
,,,,,,,,,,,,,,,,,,,,,,,,,,
,,,,,,,,,,,,,,,,,,,,,,,,,,
,,,,,,,,,,,,,,,,,,,,,,,,,,
,,,,,,,,,,,,,,,,,,,,,,,,,,
,,,,,,,,,,,,,,,,,,,,,,,,,,
,,,,,,,,,,,,,,,,,,,,,,,,,,
,,,,,,,,,,,,,,,,,,,,,,,,,,
,,,,,,,,,,,,,,,,,,,,,,,,,,
